Roal,Questions
ML,"What role do hyperparameters play in training a machine learning model, and how can they be optimized?"
ML,How do algorithms like decision trees and neural networks differ in their approach to classification tasks?
ML,"What is the significance of feature engineering in machine learning, and what techniques can be used to improve features?"
ML,Can you explain the concept of transfer learning and its advantages in deep learning applications?
ML,"What are the main differences between supervised, unsupervised, and reinforcement learning?"
DP,What are the key differences between traditional machine learning algorithms and deep learning models?
DP,"How do convolutional neural networks (CNNs) work, and what types of tasks are they particularly well-suited for?"
DP,"What is the purpose of using activation functions in deep learning, and can you provide examples of commonly used activation functions?"
DP,"What are the challenges of training deep neural networks, and what techniques can be used to address issues like vanishing or exploding gradients?"
DP,Can you explain the concept of transfer learning and its advantages in deep learning applications?
CV,"What are the primary tasks performed in computer vision, and how do they differ from one another?"
CV,How do convolutional neural networks (CNNs) specifically enhance the performance of image classification tasks?
CV,"What is image segmentation, and what techniques are commonly used to achieve it in computer vision applications?"
CV,Can you explain the role of data augmentation in training computer vision models and how it improves model robustness?
CV,"What are some common challenges faced in computer vision, such as occlusion or lighting variations, and how can they be addressed?"
